{
  "google/gemini-3-pro-preview": {
    "10_scrypt_hash": 39.295109482,
    "11_geospatial": 38.59770959899999,
    "1_dijkstra": 34.202315816,
    "2_convex_hull": 34.06182440299999,
    "3_lis": 25.023427584999997,
    "5_markdown_parser": 28.463938538000015,
    "6_csv_processor": 38.290726488999994,
    "7_scheduler": 67.523956824,
    "8_json_validator": 16.506907749000007,
    "9_stream_visualizer": 51.923362084000026
  },
  "anthropic/claude-sonnet-4.5 TEMP:0.7": {
    "10_scrypt_hash": 2.512005516999983,
    "11_geospatial": 3.3480960069999566,
    "1_dijkstra": 4.758364550999948,
    "2_convex_hull": 5.67630803700001,
    "3_lis": 2.4023967360000245,
    "5_markdown_parser": 1.9106662779999897,
    "6_csv_processor": 4.774563675000041,
    "7_scheduler": 10.645383548000012,
    "8_json_validator": 3.43886771999998,
    "9_stream_visualizer": 4.354729013999982,
    "4_transpiler": 8.389267120000005
  },
  "openai/gpt-5.1-codex": {
    "10_scrypt_hash": 7.498817803999991,
    "11_geospatial": 10.405374638999987,
    "1_dijkstra": 19.193891047999962,
    "2_convex_hull": 14.263961956999964,
    "3_lis": 3.3163609489999946,
    "5_markdown_parser": 6.449940595000051,
    "6_csv_processor": 37.769467569000085,
    "7_scheduler": 79.01968128499995,
    "8_json_validator": 8.087602373000001,
    "9_stream_visualizer": 12.885421481000026,
    "4_transpiler": 51.812796853999984
  },
  "moonshotai/kimi-k2-thinking": {
    "10_scrypt_hash": 53.01161044100009,
    "11_geospatial": 49.509398480999984,
    "1_dijkstra": 75.16873453799997,
    "2_convex_hull": 115.48629523699998,
    "3_lis": 43.45383791499992,
    "5_markdown_parser": 22.150892672999994,
    "6_csv_processor": 100.07209453999997,
    "7_scheduler": 204.68869797400012,
    "8_json_validator": 282.8534934129999,
    "9_stream_visualizer": 445.8482685430001,
    "4_transpiler": 25.871377203000012
  },
  "google/gemini-2.5-pro": {
    "10_scrypt_hash": 33.595784767000005,
    "11_geospatial": 23.084225926999935,
    "1_dijkstra": 39.2938456369997,
    "2_convex_hull": 39.61738663299987,
    "3_lis": 32.74601506800018,
    "5_markdown_parser": 17.71407721999986,
    "6_csv_processor": 28.51295679199975,
    "7_scheduler": 98.78428086399985,
    "8_json_validator": 17.644947614999953,
    "9_stream_visualizer": 42.817067843999716,
    "4_transpiler": 79.54909138500004
  },
  "openrouter/sherlock-think-alpha": {
    "10_scrypt_hash": 14.262482631000225,
    "11_geospatial": 21.945668632999993,
    "1_dijkstra": 31.84612786399992,
    "2_convex_hull": 51.9222613090002,
    "3_lis": 27.120956264999695,
    "5_markdown_parser": 24.515614581000058,
    "6_csv_processor": 25.41584125499986,
    "7_scheduler": 93.37877358199982,
    "8_json_validator": 43.54576423399988,
    "9_stream_visualizer": 41.675588322999886
  },
  "gemini-3-pro-preview TEMP:1.1": {
    "10_scrypt_hash": 20.09197308799997,
    "11_geospatial": 16.744538625000043,
    "1_dijkstra": 20.368975195999724,
    "2_convex_hull": 27.382338132999838,
    "3_lis": 17.644244979000185,
    "5_markdown_parser": 24.495124363999814,
    "6_csv_processor": 30.402239049999974,
    "7_scheduler": 40.37338068899978,
    "8_json_validator": 16.042334551000035,
    "9_stream_visualizer": 20.290600096000357
  },
  "gemini-3-pro-preview TEMP:1": {
    "10_scrypt_hash": 23.12222202300001,
    "11_geospatial": 26.206914669000078,
    "1_dijkstra": 26.885644016999752,
    "2_convex_hull": 28.454881988000125,
    "3_lis": 21.56611355999997,
    "5_markdown_parser": 42.852985185000115,
    "6_csv_processor": 38.87679926400026,
    "7_scheduler": 50.29471840999974,
    "8_json_validator": 14.745134738999884,
    "9_stream_visualizer": 25.84060898800008
  },
  "gemini-3-pro-preview TEMP:0.9": {
    "10_scrypt_hash": 19.74835643199971,
    "11_geospatial": 20.92234129700018,
    "1_dijkstra": 23.868050303000025,
    "2_convex_hull": 34.55523202600004,
    "3_lis": 20.2101665719999,
    "5_markdown_parser": 33.19924508200027,
    "6_csv_processor": 41.52472499500029,
    "7_scheduler": 49.9266366109997,
    "8_json_validator": 26.833344192000105,
    "9_stream_visualizer": 21.42339840399986
  },
  "gemini-3-pro-preview TEMP:0.8": {
    "10_scrypt_hash": 21.932031273999716,
    "11_geospatial": 28.99488797000004,
    "1_dijkstra": 26.922454760999884,
    "2_convex_hull": 33.567102398000195,
    "3_lis": 20.515141533999703,
    "5_markdown_parser": 40.8980531250001,
    "6_csv_processor": 32.91058637899999,
    "7_scheduler": 80.64269605799997,
    "8_json_validator": 20.85698480999982,
    "9_stream_visualizer": 37.75345811099932
  },
  "gemini-3-pro-preview TEMP:0.7": {
    "10_scrypt_hash": 19.486387687000445,
    "11_geospatial": 22.537344641000033,
    "1_dijkstra": 24.757761477999388,
    "2_convex_hull": 25.543014148999937,
    "3_lis": 19.770237300000154,
    "5_markdown_parser": 42.83827392700035,
    "6_csv_processor": 34.6238196200002,
    "7_scheduler": 45.15323736399971,
    "8_json_validator": 28.7569554270003,
    "9_stream_visualizer": 25.663316451999357
  },
  "gemini-3-pro-preview TEMP:0.6": {
    "10_scrypt_hash": 22.85184260199964,
    "11_geospatial": 26.641837239999322,
    "1_dijkstra": 22.808483874000608,
    "2_convex_hull": 23.80214131500013,
    "3_lis": 21.100967756000347,
    "5_markdown_parser": 36.143312074000015,
    "6_csv_processor": 53.21065433599986,
    "7_scheduler": 59.45305509700067,
    "8_json_validator": 21.731487070000732,
    "9_stream_visualizer": 29.278473306000233
  },
  "gemini-3-pro-preview TEMP:0.5": {
    "10_scrypt_hash": 21.873170082999394,
    "11_geospatial": 20.211224280000664,
    "1_dijkstra": 26.509259402999653,
    "2_convex_hull": 28.398400859000162,
    "3_lis": 27.511312441000715,
    "5_markdown_parser": 33.96838048799988,
    "6_csv_processor": 34.895041311000476,
    "7_scheduler": 65.26757784599997,
    "8_json_validator": 22.589250137999652,
    "9_stream_visualizer": 28.14733931099996
  },
  "gemini-3-pro-preview TEMP:0.4": {
    "10_scrypt_hash": 24.754794635999946,
    "11_geospatial": 22.880691410999745,
    "1_dijkstra": 18.020111163999886,
    "2_convex_hull": 20.038773117000236,
    "3_lis": 11.807387412999757,
    "5_markdown_parser": 35.67531904900074,
    "6_csv_processor": 23.8520766750006,
    "7_scheduler": 31.85370118200034,
    "8_json_validator": 17.14643698600028,
    "9_stream_visualizer": 25.974873207000083
  },
  "gemini-3-pro-preview TEMP:0.3": {
    "10_scrypt_hash": 31.34955882699974,
    "11_geospatial": 21.212845159000718,
    "1_dijkstra": 14.686580670000055,
    "2_convex_hull": 36.39883294000011,
    "3_lis": 13.597776002999396,
    "5_markdown_parser": 36.88983640800044,
    "6_csv_processor": 36.582046242999844,
    "7_scheduler": 37.754115211999974,
    "8_json_validator": 16.674394439999947,
    "9_stream_visualizer": 25.583348608000204
  },
  "gemini-3-pro-preview TEMP:0.2": {
    "10_scrypt_hash": 25.04706531199999,
    "11_geospatial": 18.636367162999697,
    "1_dijkstra": 23.471250179999508,
    "2_convex_hull": 32.36644217699953,
    "3_lis": 21.03346423900034,
    "5_markdown_parser": 45.76653377099987,
    "6_csv_processor": 44.927907913000325,
    "7_scheduler": 41.063800591999666,
    "8_json_validator": 26.052476222000085,
    "9_stream_visualizer": 20.329862430999988
  },
  "gemini-3-pro-preview TEMP:0.1": {
    "10_scrypt_hash": 16.787732964999975,
    "11_geospatial": 20.16605759199988,
    "1_dijkstra": 31.337674549999647,
    "2_convex_hull": 15.677699519000017,
    "3_lis": 19.142893268000336,
    "5_markdown_parser": 25.228105368999763,
    "6_csv_processor": 36.924520573999736,
    "7_scheduler": 49.74383629500028,
    "8_json_validator": 17.1179925739998,
    "9_stream_visualizer": 24.9906886749994
  },
  "gemini-3-pro-preview TEMP:0": {
    "10_scrypt_hash": 20.874672585999594,
    "11_geospatial": 22.346452704999596,
    "1_dijkstra": 28.580189787000418,
    "2_convex_hull": 25.09971364900004,
    "3_lis": 16.770306450999342,