{
  "openai/gpt-5.1-codex": {
    "1_dijkstra": 15.241279893,
    "2_convex_hull": 13.933983282,
    "3_lis": 3.980165064000001,
    "4_determinant": 6.332550646999996,
    "5_markdown_parser": 3.2380716380000014,
    "6_csv_processor": 26.09038364200001,
    "7_scheduler": 130.18603798900003,
    "8_json_validator": 8.38715121099999,
    "9_stream_visualizer": 12.031535295999987
  },
  "openai/gpt-5.1-chat": {
    "1_dijkstra": 2.65463601799999,
    "2_convex_hull": 3.1764218759999787,
    "3_lis": 2.5808361240000233,
    "4_determinant": 1.857067280999996,
    "5_markdown_parser": 2.1500550130000047,
    "6_csv_processor": 2.8134082990000024,
    "7_scheduler": 6.116577822999999,
    "8_json_validator": 1.477971265,
    "9_stream_visualizer": 1.7076946140000073
  },
  "google/gemini-2.5-pro": {
    "1_dijkstra": 33.989065073000006,
    "2_convex_hull": 56.566219838000016,
    "3_lis": 52.14045403000002,
    "4_determinant": 14.913826469999972,
    "5_markdown_parser": 26.86344819299999,
    "6_csv_processor": 49.397067434999975,
    "7_scheduler": 52.55558026300004,
    "8_json_validator": 19.59284627099999,
    "9_stream_visualizer": 36.41860035799991
  },
  "anthropic/claude-sonnet-4.5 TEMP:0.7": {
    "1_dijkstra": 4.49742717099993,
    "2_convex_hull": 4.570548665000009,
    "3_lis": 2.375867489000084,
    "4_determinant": 1.5574152070001,
    "5_markdown_parser": 1.8310976730000694,
    "6_csv_processor": 4.079893573999987,
    "7_scheduler": 12.446870330999955,
    "8_json_validator": 2.8953664760000537,
    "9_stream_visualizer": 5.022439357000054
  },
  "moonshotai/kimi-k2-thinking": {
    "1_dijkstra": 34.72660079400001,
    "2_convex_hull": 42.421906253,
    "3_lis": 52.291474074000014,
    "4_determinant": 37.432558806,
    "5_markdown_parser": 35.437114885999996,
    "6_csv_processor": 91.85763109999999,
    "7_scheduler": 184.65146969499997,
    "8_json_validator": 81.96185510699998,
    "9_stream_visualizer": 31.27018206100003
  },
  "openrouter/sherlock-think-alpha": {
    "1_dijkstra": 34.012272204,
    "2_convex_hull": 47.377176928,
    "3_lis": 18.49963934400001,
    "4_determinant": 20.327296623999995,
    "5_markdown_parser": 34.069916891999995,
    "6_csv_processor": 19.902450771000005,
    "7_scheduler": 82.133111714,
    "8_json_validator": 31.42142794699996,
    "9_stream_visualizer": 35.74114956699999
  },
  "openrouter/sherlock-dash-alpha": {
    "1_dijkstra": 2.7058817040000003,
    "2_convex_hull": 3.9343546879999995,
    "3_lis": 1.2894778209999995,
    "4_determinant": 0.611742537,
    "5_markdown_parser": 4.020213965999999,
    "6_csv_processor": 3.107556931000001,
    "7_scheduler": 7.806581231,
    "8_json_validator": 1.4850442509999993,
    "9_stream_visualizer": 2.5679872179999985
  }
}