{
  "google/gemini-2.5-pro": {
    "1_dijkstra": 68.831806591
  },
  "anthropic/claude-sonnet-4.5": {
    "1_dijkstra": 5.513186071999997
  },
  "openai/gpt-5-codex": {
    "1_dijkstra": 126.619165211
  }
}