{
  "openai/gpt-5.1-codex": {
    "1_dijkstra": null,
    "2_convex_hull": null,
    "3_lis": 4.134811772999999,
    "4_determinant": 3.128456531999999,
    "5_markdown_parser": 2.4388916820000004,
    "6_csv_processor": 43.478935838999995,
    "7_scheduler": 84.317196593,
    "8_json_validator": 6.765057070999989
  },
  "openai/gpt-5.1-chat": {
    "1_dijkstra": null,
    "2_convex_hull": 4.03333652099999,
    "3_lis": 3.2548832980000006,
    "4_determinant": 3.480435989999998,
    "5_markdown_parser": 12.157845766999992,
    "6_csv_processor": null,
    "7_scheduler": 3.6146848039999897,
    "8_json_validator": 3.9886151490000192
  },
  "google/gemini-2.5-pro": {
    "1_dijkstra": 44.864160204000015,
    "2_convex_hull": 33.892027145,
    "3_lis": 36.906535906,
    "4_determinant": 11.497210719000025,
    "5_markdown_parser": 13.62311761299998,
    "6_csv_processor": 42.61058959099999,
    "7_scheduler": 12.12732526100002,
    "8_json_validator": 50.54006011399999
  },
  "anthropic/claude-sonnet-4.5 TEMP:0.7": {
    "1_dijkstra": 4.8069697199999935,
    "2_convex_hull": 4.475060508999974,
    "3_lis": 2.835424330000009,
    "4_determinant": 2.3172859399999726,
    "5_markdown_parser": 2.080127800999966,
    "6_csv_processor": 5.218456623000034,
    "7_scheduler": 11.33699588100001,
    "8_json_validator": 3.298284380999976
  }
}