{
  "openai/gpt-5.1-codex": {
    "1_dijkstra": 12.73643722,
    "2_convex_hull": 20.551442495,
    "3_lis": 6.9065933989999975,
    "4_determinant": 3.340895964000003,
    "5_markdown_parser": 3.5223763349999935,
    "6_csv_processor": 16.396112775000002,
    "7_scheduler": 85.407877246,
    "8_json_validator": 9.581871734999993
  },
  "google/gemini-2.5-pro": {
    "1_dijkstra": 52.880149714,
    "2_convex_hull": 53.18372889399997,
    "3_lis": 28.706411030000016,
    "4_determinant": 12.91266780300002,
    "5_markdown_parser": 19.207484959000023,
    "6_csv_processor": 37.37156615500001,
    "7_scheduler": 108.64825142700003,
    "8_json_validator": 25.360757163000002
  },
  "anthropic/claude-sonnet-4.5 TEMP:0.7": {
    "1_dijkstra": 3.8821057339999823,
    "2_convex_hull": 4.63132335000002,
    "3_lis": 2.5366414799999912,
    "4_determinant": 1.642024412000028,
    "5_markdown_parser": 2.235130207999959,
    "6_csv_processor": 4.568896986000007,
    "7_scheduler": 15.728725427000084,
    "8_json_validator": 3.0146192130000564
  }
}