{
  "openrouter/polaris-alpha": {
    "1_dijkstra": 5.663508702,
    "2_convex_hull": 5.853618222000001,
    "3_lis": 2.7803642009999985,
    "4_determinant": 2.2549030789999995,
    "5_markdown_parser": 2.428845373,
    "6_csv_processor": 7.004516176000001,
    "7_scheduler": 14.370537171,
    "8_json_validator": 4.488872165000001
  },
  "google/gemini-2.5-pro TEMP:0.7": {
    "1_dijkstra": 44.600899471,
    "2_convex_hull": 37.66833377400001,
    "3_lis": 15.942395212000017,
    "4_determinant": 14.880486881999998,
    "5_markdown_parser": 22.373131437000005,
    "6_csv_processor": 44.242416465999995,
    "7_scheduler": 59.66216159599999,
    "8_json_validator": 56.66983818199998
  },
  "anthropic/claude-sonnet-4.5": {
    "1_dijkstra": 4.15588515399996,
    "2_convex_hull": 4.806273176999995,
    "3_lis": 2.2488794699999852,
    "4_determinant": 1.442708507000003,
    "5_markdown_parser": 2.1533864889999967,
    "6_csv_processor": 4.5494161339999994,
    "7_scheduler": 13.169441607000016,
    "8_json_validator": 2.83180839000002
  },
  "anthropic/claude-sonnet-4.5 TEMP:0.7": {
    "1_dijkstra": 4.402104449000035,
    "2_convex_hull": 5.400227270999982,
    "3_lis": 4.495708809000033,
    "4_determinant": 1.8576504829999758,
    "5_markdown_parser": 1.8857627109999884,
    "6_csv_processor": 4.558546455000004,
    "7_scheduler": 11.452500546000024,
    "8_json_validator": 2.654919869999983
  },
  "anthropic/claude-sonnet-4.5 TEMP:0.4": {
    "1_dijkstra": 4.231384166999953,
    "2_convex_hull": 4.297011561000021,
    "3_lis": 2.270648061999993,
    "4_determinant": 1.5894071249999688,
    "5_markdown_parser": 1.8096978460000246,
    "6_csv_processor": 4.622239387999987,
    "7_scheduler": 12.332949335000013,
    "8_json_validator": 2.6777597769999995
  },
  "openai/gpt-5-codex": {
    "1_dijkstra": 86.38025543199991,
    "2_convex_hull": 37.86684929500008,
    "3_lis": 9.727075501000042,
    "4_determinant": 8.948688077000087,
    "5_markdown_parser": 8.000620244999999,
    "6_csv_processor": 31.738115685999976,
    "7_scheduler": 155.32837211300003,
    "8_json_validator": 27.551844137000035
  }
}