{
  "google/gemini-3-pro-preview": {
    "10_scrypt_hash": 39.295109482,
    "11_geospatial": 38.59770959899999,
    "1_dijkstra": 34.202315816,
    "2_convex_hull": 34.06182440299999,
    "3_lis": 25.023427584999997,
    "4_determinant": 28.093709440000005,
    "5_markdown_parser": 28.463938538000015,
    "6_csv_processor": 38.290726488999994,
    "7_scheduler": 67.523956824,
    "8_json_validator": 16.506907749000007,
    "9_stream_visualizer": 51.923362084000026
  },
  "anthropic/claude-sonnet-4.5 TEMP:0.7": {
    "10_scrypt_hash": 2.994402775000024,
    "11_geospatial": 3.173007857000048,
    "1_dijkstra": 4.721320241999987,
    "2_convex_hull": 4.782739678999991,
    "3_lis": 2.566319416000042,
    "4_determinant": 2.087922611000016,
    "5_markdown_parser": 2.1563547050000054,
    "6_csv_processor": 4.368516923999996,
    "7_scheduler": 10.690530350000016,
    "8_json_validator": 2.9041606949999696,
    "9_stream_visualizer": 4.411488517000049
  },
  "openai/gpt-5.1-codex": {
    "10_scrypt_hash": 19.945625629000016,
    "11_geospatial": 7.752952860000019,
    "1_dijkstra": 18.825615109000005,
    "2_convex_hull": 24.519327066999978,
    "3_lis": 13.449256432000023,
    "4_determinant": 3.5313777560000306,
    "5_markdown_parser": 4.871686004000018,
    "6_csv_processor": 31.731031262999984,
    "7_scheduler": 91.32724592999998,
    "8_json_validator": 11.784968072999968,
    "9_stream_visualizer": 17.32446443499997
  },
  "moonshotai/kimi-k2-thinking": {
    "10_scrypt_hash": 54.48318050600006,
    "11_geospatial": 123.94316572699998,
    "1_dijkstra": 20.75571812199999,
    "2_convex_hull": 281.26114928399994,
    "3_lis": 78.25152572599984,
    "4_determinant": 67.81623509099987,
    "5_markdown_parser": 154.2897356459999,
    "6_csv_processor": 85.1170599280002,
    "7_scheduler": 389.4384002489999,
    "8_json_validator": 17.501368902000134,
    "9_stream_visualizer": 98.03424570999994
  },
  "google/gemini-2.5-pro": {
    "10_scrypt_hash": 33.5175050580001,
    "11_geospatial": 31.009794073000318,
    "1_dijkstra": 45.908529550999866,
    "2_convex_hull": 85.32745476700039,
    "3_lis": 32.75355649500014,
    "4_determinant": 27.239392394999975,
    "5_markdown_parser": 27.228569728999865,
    "6_csv_processor": 69.48256337699992,
    "7_scheduler": 54.015430929000026,
    "8_json_validator": 29.125379850999916,
    "9_stream_visualizer": 36.110917992000005
  },
  "openrouter/sherlock-think-alpha": {
    "10_scrypt_hash": 9.486372194000054,
    "11_geospatial": 15.555460506999864,
    "1_dijkstra": 21.514197755000087,
    "2_convex_hull": 35.37556943300041,
    "3_lis": 17.00031832400011,
    "4_determinant": 8.939955472999719,
    "5_markdown_parser": 15.81524256400019,
    "6_csv_processor": 23.44287434099987,
    "7_scheduler": 68.04158863600017,
    "8_json_validator": 19.484740249000023,
    "9_stream_visualizer": 28.426358369000255
  },
  "gemini-3-pro-preview TEMP:1.1": {
    "10_scrypt_hash": 19.25561597,
    "11_geospatial": 16.537793451,
    "1_dijkstra": 19.709102094000002,
    "2_convex_hull": 23.759404848,
    "3_lis": 23.048148686,
    "4_determinant": 20.935209288,
    "5_markdown_parser": 34.398462477999985,
    "6_csv_processor": 43.183913065,
    "7_scheduler": 31.16975645300001,
    "8_json_validator": 22.189696912000013,
    "9_stream_visualizer": 27.786803166999977
  },
  "gemini-3-pro-preview TEMP:1": {
    "10_scrypt_hash": 16.73660885900003,
    "11_geospatial": 27.702141619000002,
    "1_dijkstra": 24.343912240999984,
    "2_convex_hull": 22.499538950000016,
    "3_lis": 23.92277027799998,
    "4_determinant": 19.12632760900003,
    "5_markdown_parser": 24.235546227000015,
    "6_csv_processor": 28.255928477999987,
    "7_scheduler": 52.90334799400001,
    "8_json_validator": 16.544846496000012,
    "9_stream_visualizer": 28.031947036999977
  },
  "gemini-3-pro-preview TEMP:0.9": {
    "10_scrypt_hash": 18.39214110999997,
    "11_geospatial": 21.698826697999962,
    "1_dijkstra": 31.32494983399997,
    "2_convex_hull": 33.63882225600001,
    "3_lis": 22.98625518599991,
    "4_determinant": 9.706784340000013,
    "5_markdown_parser": 25.077740615000017,
    "6_csv_processor": 38.424850744000054,
    "7_scheduler": 40.46733092999994,
    "8_json_validator": 21.866049754999928,
    "9_stream_visualizer": 29.938616987999993
  },
  "gemini-3-pro-preview TEMP:0.8": {
    "10_scrypt_hash": 22.864061476000003,
    "11_geospatial": 21.802520365000003,
    "1_dijkstra": 25.727360443000098,
    "2_convex_hull": 20.067116691999953,
    "3_lis": 17.514798727000016,
    "4_determinant": 26.222232214999966,
    "5_markdown_parser": 27.822983316000084,
    "6_csv_processor": 31.795846373000067,
    "7_scheduler": 45.54547771500005,
    "8_json_validator": 20.04490028099995,
    "9_stream_visualizer": 31.52293631999986
  },
  "gemini-3-pro-preview TEMP:0.7": {
    "10_scrypt_hash": 23.39639778,
    "11_geospatial": 23.114445250999882,
    "1_dijkstra": 24.20112610200001,
    "2_convex_hull": 29.664885391999967,
    "3_lis": 15.16884128500009,
    "4_determinant": 36.34684787500021,
    "5_markdown_parser": 27.07226724700001,
    "6_csv_processor": 36.69383957000007,
    "7_scheduler": 41.66182964499993,
    "8_json_validator": 24.68038384200004,
    "9_stream_visualizer": 32.811990770999806
  },
  "gemini-3-pro-preview TEMP:0.6": {
    "10_scrypt_hash": 20.319240230000112,
    "11_geospatial": 14.71396687299991,
    "1_dijkstra": 29.94397802599985,
    "2_convex_hull": 30.130152880999958,
    "3_lis": 22.789678306000074,
    "4_determinant": 13.336225186000112,
    "5_markdown_parser": 26.61024377000006,
    "6_csv_processor": 23.28925823200005,
    "7_scheduler": 31.414080646000105,
    "8_json_validator": 18.36662647700007,
    "9_stream_visualizer": 31.141520149999998
  },
  "gemini-3-pro-preview TEMP:0.5": {
    "10_scrypt_hash": 26.257502701000078,
    "11_geospatial": 27.292514397000197,
    "1_dijkstra": 26.930725388999797,
    "2_convex_hull": 28.365386472000043,
    "3_lis": 20.404020288000115,
    "4_determinant": 19.956521905999864,
    "5_markdown_parser": 41.075851207999975,
    "6_csv_processor": 33.550666006000014,
    "7_scheduler": 54.52258278499986,
    "8_json_validator": 30.504760077999904,
    "9_stream_visualizer": 25.344985834000166
  },
  "gemini-3-pro-preview TEMP:0.4": {
    "10_scrypt_hash": 16.79715236100019,
    "11_geospatial": 25.48661641700007,
    "1_dijkstra": 17.67472643599985,
    "2_convex_hull": 34.115073089000305,
    "3_lis": 18.289524143000133,
    "4_determinant": 22.224696940999944,
    "5_markdown_parser": 53.21322759300005,
    "6_csv_processor": 39.43421280799993,
    "7_scheduler": 30.78163343900023,
    "8_json_validator": 26.184069054999853,
    "9_stream_visualizer": 21.324422691999935
  },
  "gemini-3-pro-preview TEMP:0.3": {
    "10_scrypt_hash": 22.419933818999677,
    "11_geospatial": 14.525312852999662,
    "1_dijkstra": 24.24144133199984,
    "2_convex_hull": 27.67347379200021,
    "3_lis": 13.649138154000044,
    "4_determinant": 28.68561609600019,
    "5_markdown_parser": 44.175827321999705,
    "6_csv_processor": 40.22086091799987,
    "7_scheduler": 42.102860941999595,
    "8_json_validator": 24.13780150000006,
    "9_stream_visualizer": 22.134434574999847
  },
  "gemini-3-pro-preview TEMP:0.2": {
    "10_scrypt_hash": 24.400115432000252,
    "11_geospatial": 32.89142006099969,
    "1_dijkstra": 36.531734934999605,
    "2_convex_hull": 30.47034405499976,
    "3_lis": 14.03327947399998,
    "4_determinant": 15.886417729000096,
    "5_markdown_parser": 43.89735358300013,
    "6_csv_processor": 36.24166352199996,
    "7_scheduler": 49.958096608999654,
    "8_json_validator": 21.518541840999852,
    "9_stream_visualizer": 30.054751582999714
  },
  "gemini-3-pro-preview TEMP:0.1": {
    "10_scrypt_hash": 21.251296984999907,
    "11_geospatial": 28.01666565400036,
    "1_dijkstra": 22.908056412999983,
    "2_convex_hull": 31.488867672999856,
    "3_lis": 19.367484238999896,